USER,IDADE,IDENT,SEX,BARBA_IMAGEM,FILME,MUSICA,CHORAR,CHURRAS,HOM_VERDADE,BANHO,APARENCIA,CREME,HOM_VAIDOSO,PERG_VAIDOSO,FAZ_BARBA,PQ_BARBA,TEMPO,FREQ,SIGNIFICADO,QUEM_COMPRA,ONDE_COMPRA,BARBEADOR,SAIA,TRANS,LGBT_RUA,SOCIAL,PESSOA
5/2/2021 19:47:25,62,Não conheço essas nomenclaturas,Hétero,A,Gente Grande,Evanescence,"Quase nunca, mas depende da situação (com quem estou)",Observar e curtir o rolê,Se sentir um homem,Um sabonete qualquer,Sim,"Pasta de dente, Creme de barbear, Protetor solar com frequência, Cremes hidratantes","Cuidado com a pele, Cuidado com a barba, Cuidado com o cabelo, Tomar banho",Sim,Sim,Barba me incomoda,Entre 5-10 minutos,Todo dia,Um momento que requer atenção,Eu mesmo,Farmácia,D,"Não me incomodo, mas acho estranho",Não,"Não, desde que não estejam ""se mostrando demais""",YouTube,Não
5/2/2021 19:50:09,54,Não conheço essas nomenclaturas,Hétero,A,Titanic,Pink Floyd,Nunca,"Preparar os acompanhamentos (farofa, vinagrete, arroz etc.)","Empatia, Amabilidade, Sensibilidade, Inteligência emocional, Manter as condições financeiras da família, Coragem, Atitude e iniciativa, Respeito",Xampu e sabonete específicos,Sim,"Pasta de dente, Creme de barbear, Protetor solar só quando vai à praia, Cremes hidratantes","Cuidado com a pele, Cuidado com o cabelo, Tomar banho",Sim,Sim,Barba me incomoda,Menos de 5 minutos,2 vezes por semana,"Um momento que requer atenção, Um momento de auto-cuidado",Eu mesmo,Farmácia,D,"Não me incomodo, mas acho estranho",Sim,Não,Instagram,Não
5/2/2021 19:50:41,22,Cis,Hétero,E,Corra,Racionais MC's,"Quase sempre, mas depende da situação (com quem estou)","Preparar os acompanhamentos (farofa, vinagrete, arroz etc.)","Empatia, Amabilidade, Se sentir um homem, Sensibilidade, Inteligência emocional, Coragem, Atitude e iniciativa, Respeito","Xampu, condicionador e sabonete quaisquer",Sim,"Pasta de dente, Creme de barbear, Protetor solar só quando vai à praia, Cremes hidratantes","Usar produtos de beleza variados, Cuidado com a pele, Cuidado com a barba, Cuidado com o cabelo, Preocupação com estar cheiroso",Sim,Sim,Prefiro minha aparência com barba,Entre 5-10 minutos,1 vez a cada 15 dias,"Um momento que requer atenção, Um momento de auto-cuidado",Eu mesmo,Farmácia,D,Não me incomodo,Sim,Não,Twitter,Menino ney
5/2/2021 19:51:54,24,Cis,Bissexual,B,Clube da Luta,Pink Floyd,"Quase nunca, mas depende da situação (com quem estou)",Observar e curtir o rolê,"Se sentir um homem, Atitude e iniciativa",Xampu e sabonete quaisquer,Sim,"Pasta de dente, Protetor solar só quando vai à praia","Cuidado com a barba, Cuidado com o cabelo, Preocupação com estar cheiroso",Sim,Sim,Prefiro minha aparência com barba,Entre 5-10 minutos,1 vez a cada 15 dias,"Um momento que requer atenção, Um momento de auto-cuidado",Eu mesmo,Mercado,E,Acho revolucionário,Sim,Não,Twitter,Cauê Moura
5/2/2021 19:52:18,21,Cis,Hétero,E,Vingadores,Chico Buarque,Sempre,Tomar a frente da churrasqueira (carnes),"Empatia, Se sentir um homem, Sensibilidade, Respeito","Xampu, condicionador e sabonete quaisquer",Sim,"Pasta de dente, Protetor solar só quando vai à praia, Cremes hidratantes","Usar produtos de beleza variados, Cuidado com a pele, Cuidado com a barba, Cuidado com o cabelo, Preocupação com estar cheiroso",Sim,Sim,Prefiro minha aparência com barba,Entre 10-15 minutos,1 vez por semana,"Um momento que requer atenção, Um momento de prazer, Um momento de auto-cuidado",Eu mesmo,Internet,E,Não me incomodo,Sim,Não,YouTube,Lula
5/2/2021 19:53:42,27,Não conheço essas nomenclaturas,Hétero,K,Velozes e Furiosos,Racionais MC's,"Quase sempre, mas depende da situação (com quem estou)",Tomar a frente da churrasqueira (carnes),Pênis,Xampu e sabonete quaisquer,Sim,"Pasta de dente, Creme de barbear, Protetor solar só quando vai à praia","Cuidado com a pele, Cuidado com a barba, Cuidado com o cabelo, Preocupação com estar cheiroso, Tomar banho",Não,Sim,Prefiro minha aparência com barba,Entre 10-15 minutos,1 vez por semana,Um momento de auto-cuidado,Eu mesmo,Farmácia,E,"Não me incomodo, mas acho estranho",Sim,Não,Instagram,Cantores
5/2/2021 19:54:12,20,Cis,Bissexual,B,Clube dos Cinco,Chico Buarque,"Quase sempre, mas depende da situação (com quem estou)",Observar e curtir o rolê,"Empatia, Amabilidade, Se sentir um homem, Sensibilidade, Respeito","Xampu, condicionador e sabonete quaisquer",Sim,"Pasta de dente, Protetor solar só quando vai à praia","Cuidado com a barba, Cuidado com o cabelo",Sim,Sim,Prefiro minha aparência com barba,Entre 5-10 minutos,1 vez a cada 15 dias,"Um momento de prazer, Um momento de auto-cuidado",Pai,Mercado,C,Não me incomodo,Sim,Não,Instagram,Não
5/2/2021 19:54:15,22,Cis,Hétero,E,Corra,Racionais MC's,Sempre,Tomar a frente da churrasqueira (carnes),"Empatia, Amabilidade, Sensibilidade, Inteligência emocional, Coragem, Atitude e iniciativa, Respeito","Xampu, condicionador e sabonete específicos",Sim,"Pasta de dente, Creme de barbear, Protetor solar só quando vai à praia","Usar produtos de beleza variados, Cuidado com a pele, Cuidado com a barba, Cuidado com o cabelo, Preocupação com estar cheiroso, Tomar banho",Sim,Sim,Prefiro minha aparência com barba,Entre 15-20 minutos,1 vez a cada 15 dias,"Um momento que requer atenção, Um momento de auto-cuidado",Eu mesmo,Farmácia,D,Não me incomodo,Sim,Não,Twitter,Não
5/2/2021 19:55:43,21,Cis,Bissexual,C,Gente Grande,Racionais MC's,"Quase sempre, mas depende da situação (com quem estou)",Observar e curtir o rolê,Se sentir um homem,"Xampu, condicionador e sabonete específicos",Sim,"Pasta de dente, Protetor solar só quando vai à praia, Cremes hidratantes","Passar maquiagem, Usar produtos de beleza variados, Cuidado com a pele, Cuidado com a barba, Cuidado com o cabelo, Preocupação com estar cheiroso, Tomar banho",Sim,Sim,Por questões de trabalho,Entre 5-10 minutos,1 vez por semana,"Um momento que requer atenção, Um momento de prazer, Um momento de auto-cuidado, Uma obrigação",Eu mesmo,Farmácia,E,Não me incomodo,Sim,Não,Twitter,Lula
5/2/2021 19:59:36,26,Cis,Hétero,A,Corra,Pink Floyd,"Quase sempre, mas depende da situação (com quem estou)",Observar e curtir o rolê,"Empatia, Amabilidade, Se sentir um homem, Força física, Inteligência emocional, Coragem, Atitude e iniciativa, Respeito",Xampu e sabonete quaisquer,Sim,"Pasta de dente, Creme de barbear, Protetor solar só quando vai à praia, Cremes hidratantes","Passar maquiagem, Usar produtos de beleza variados, Cuidado com a pele, Cuidado com a barba, Cuidado com o cabelo, Preocupação com estar cheiroso",Sim,Sim,"Tenho pouca barba, então a melhor opção é tirar.",Entre 5-10 minutos,1 vez por semana,"Um momento que requer atenção, Um momento de auto-cuidado",Eu mesmo,Mercado,C,Não me incomodo,Sim,Não,Twitter,LeBron James
5/2/2021 20:05:07,21,Cis,Bissexual,K,Corra,Pink Floyd,Nunca,Observar e curtir o rolê,"Empatia, Amabilidade, Se sentir um homem, Sensibilidade, Inteligência emocional, Respeito","Xampu, condicionador e sabonete específicos",Sim,"Pasta de dente, Creme de barbear, Protetor solar só quando vai à praia",Usar produtos de beleza variados,Não,Sim,Prefiro minha aparência com barba,Entre 10-15 minutos,1 vez por mês,"Um momento que requer atenção, Um momento de auto-cuidado",Eu mesmo,Mercado,D,Não me incomodo,Sim,Não,Twitter,Não
5/2/2021 20:07:20,23,Cis,Bissexual,B,Clube da Luta,Pink Floyd,Nunca,"Preparar os acompanhamentos (farofa, vinagrete, arroz etc.)",Respeito,Xampu e sabonete específicos,Sim,"Pasta de dente, Protetor solar com frequência, Cremes hidratantes","Cuidado com a pele, Cuidado com a barba, Cuidado com o cabelo",Sim,Sim,Prefiro minha aparência com barba,Entre 15-20 minutos,1 vez a cada 15 dias,"Um momento de auto-cuidado, Mais uma tarefa corriqueira qualquer",Eu mesmo,Mercado,C,Acho revolucionário,Sim,Não,Instagram,Varias pessoas
5/2/2021 20:10:30,18,Cis,Hétero,D,Velozes e Furiosos,Racionais MC's,"Quase sempre, mas depende da situação (com quem estou)",Tomar a frente da churrasqueira (carnes),"Empatia, Amabilidade, Se sentir um homem, Inteligência emocional, Coragem, Atitude e iniciativa, Respeito",Xampu e sabonete quaisquer,Sim,"Pasta de dente, Creme de barbear, Protetor solar só quando vai à praia","Cuidado com a pele, Cuidado com a barba, Cuidado com o cabelo, Preocupação com estar cheiroso, Tomar banho",Sim,Sim,Prefiro minha aparência com barba,Entre 10-15 minutos,1 vez por semana,Um momento que requer atenção,Mãe,Mercado,D,Não me incomodo,Sim,Não,Instagram,Não
5/2/2021 20:10:37,23,Cis,Hétero,E,Clube da Luta,Pink Floyd,"Quase sempre, mas depende da situação (com quem estou)",Observar e curtir o rolê,"Se sentir um homem, Respeito","Xampu, condicionador e sabonete quaisquer",Sim,"Pasta de dente, Protetor solar só quando vai à praia","Passar maquiagem, Usar produtos de beleza variados",Não,Sim,Barba me incomoda,Menos de 5 minutos,1 vez a cada 15 dias,Mais uma tarefa corriqueira qualquer,Eu mesmo,Mercado,E,Acho revolucionário,Sim,Não,Twitter,Não
5/2/2021 20:12:54,19,Cis,Bissexual,A,Corra,Racionais MC's,"Quase nunca, mas depende da situação (com quem estou)",Observar e curtir o rolê,"Sensibilidade, Inteligência emocional","Xampu, condicionador e sabonete quaisquer",Sim,Pasta de dente,Usar produtos de beleza variados,Não,Não,Não consigo crescer ela ,Não faço a barba,Não faço a barba,Não faço a barba,Pai,Farmácia,C,Não me incomodo,Sim,Não,Instagram,sim 
5/2/2021 20:14:43,20,Cis,Hétero,L,Corra,Racionais MC's,"Quase nunca, mas depende da situação (com quem estou)",Tomar a frente da churrasqueira (carnes),"Empatia, Amabilidade, Se sentir um homem, Inteligência emocional, Respeito",Xampu e sabonete específicos,Sim,"Pasta de dente, Creme de barbear, Protetor solar só quando vai à praia, Cremes hidratantes","Usar produtos de beleza variados, Cuidado com a pele, Cuidado com a barba, Cuidado com o cabelo, Preocupação com estar cheiroso",Não,Sim,Prefiro minha aparência com barba,Menos de 5 minutos,1 vez a cada 15 dias,Um momento de auto-cuidado,Eu mesmo,Internet,C,"Não me incomodo, mas acho estranho",Sim,Não,YouTube,Não
5/2/2021 20:15:53,20,Cis,Bissexual,E,Corra,Chico Buarque,"Quase sempre, mas depende da situação (com quem estou)",Observar e curtir o rolê,"Empatia, Se sentir um homem, Atitude e iniciativa, Respeito",Um sabonete qualquer,Sim,"Pasta de dente, Creme de barbear, Protetor solar só quando vai à praia","Cuidado com a pele, Cuidado com a barba, Cuidado com o cabelo, Preocupação com estar cheiroso, Tomar banho",Sim,Sim,Prefiro minha aparência com barba,Entre 10-15 minutos,1 vez a cada 15 dias,"Um momento de auto-cuidado, Mais uma tarefa corriqueira qualquer, Uma obrigação",Eu mesmo,Internet,E,Não me incomodo,Sim,Não,Facebook,Não
5/2/2021 20:16:09,20,Cis,Hétero,L,Vingadores,Marília Mendonça,"Quase nunca, mas depende da situação (com quem estou)",Observar e curtir o rolê,"Empatia, Amabilidade, Se sentir um homem, Sensibilidade, Manter as condições financeiras da família, Coragem, Atitude e iniciativa, Respeito","Xampu, condicionador e sabonete quaisquer",Sim,"Pasta de dente, Protetor solar com frequência, Cremes hidratantes","Passar maquiagem, Usar produtos de beleza variados, Cuidado com a pele, Cuidado com a barba, Cuidado com o cabelo, Preocupação com estar cheiroso",Sim,Sim,Barba me incomoda,Entre 5-10 minutos,1 vez a cada 15 dias,Mais uma tarefa corriqueira qualquer,Eu mesmo,Mercado,C,Não me incomodo,Sim,Não,Twitter,Não
5/2/2021 20:16:26,21,Cis,Hétero,L,Corra,Barões da Pisadinha,Sempre,Tomar a frente da churrasqueira (carnes),"Se sentir um homem, Coragem, Respeito","Xampu, condicionador e sabonete quaisquer",Sim,Pasta de dente,"Usar produtos de beleza variados, Cuidado com a pele, Cuidado com a barba, Cuidado com o cabelo, Preocupação com estar cheiroso, Tomar banho",Não,Sim,Barba me incomoda,Menos de 5 minutos,2 vezes por semana,"Mais uma tarefa corriqueira qualquer, Uma obrigação",Eu mesmo,Mercado,C,"Não me incomodo, mas acho estranho",Sim,"Não, desde que não estejam ""se mostrando demais""",Facebook,Não
5/2/2021 20:16:50,25,Cis,Homossexual,E,Titanic,Evanescence,"Quase sempre, mas depende da situação (com quem estou)","Preparar os acompanhamentos (farofa, vinagrete, arroz etc.)",Se sentir um homem,"Xampu, condicionador e sabonete específicos",Sim,"Pasta de dente, Protetor solar só quando vai à praia, Cremes hidratantes","Passar maquiagem, Usar produtos de beleza variados, Cuidado com a pele, Cuidado com a barba, Cuidado com o cabelo, Preocupação com estar cheiroso, Tomar banho",Sim,Sim,Manutenção do tamanho,Entre 10-15 minutos,1 vez a cada 15 dias,"Um momento que requer atenção, Um momento de prazer, Um momento de auto-cuidado",Eu mesmo,Atacado,E,Não me incomodo,Sim,Não,Instagram,Políticos e artistas
5/2/2021 20:19:06,18,Cis,Hétero,D,Velozes e Furiosos,Racionais MC's,"Quase sempre, mas depende da situação (com quem estou)",Tomar a frente da churrasqueira (carnes),"Empatia, Amabilidade, Se sentir um homem, Inteligência emocional, Coragem, Atitude e iniciativa, Respeito",Xampu e sabonete quaisquer,Sim,"Pasta de dente, Creme de barbear, Protetor solar só quando vai à praia","Cuidado com a pele, Cuidado com a barba, Cuidado com o cabelo, Preocupação com estar cheiroso, Tomar banho",Sim,Sim,Prefiro minha aparência com barba,Entre 10-15 minutos,1 vez por semana,Um momento que requer atenção,Mãe,Mercado,D,"Não me incomodo, desde que não se insinue para cima de mim",Sim,Não,Instagram,Não
5/2/2021 20:19:12,21,Cis,Bissexual,I,Vingadores,Barões da Pisadinha,"Quase nunca, mas depende da situação (com quem estou)",Observar e curtir o rolê,"Empatia, Amabilidade, Se sentir um homem, Sensibilidade, Inteligência emocional, Respeito","Xampu, condicionador e sabonete quaisquer",Sim,"Pasta de dente, Protetor solar só quando vai à praia, Cremes hidratantes","Passar maquiagem, Usar produtos de beleza variados, Cuidado com a pele, Cuidado com o cabelo",Sim,Sim,"As vezes deixo crescer, as vezes não. Questão de momento",Menos de 5 minutos,2 vezes por semana,Mais uma tarefa corriqueira qualquer,Eu mesmo,Mercado,C,Acho revolucionário,Sim,Não,Instagram,Djonga
5/2/2021 20:19:34,18,Cis,Hétero,A,Velozes e Furiosos,Barões da Pisadinha,Sempre,Observar e curtir o rolê,"Pênis, Empatia, Se sentir um homem, Coragem, Atitude e iniciativa, Respeito","Xampu, condicionador e sabonete específicos",Sim,"Pasta de dente, Protetor solar só quando vai à praia, Cremes hidratantes","Cuidado com a barba, Cuidado com o cabelo, Preocupação com estar cheiroso, Tomar banho",Não,Sim,minha mãe manda,Menos de 5 minutos,2 vezes por semana,Mais uma tarefa corriqueira qualquer,Eu mesmo,Mercado,E,Não me incomodo,Sim,"Não, desde que não estejam ""se mostrando demais""",YouTube,Casey Neinstat
5/2/2021 20:20:13,21,Cis,Hétero,E,Titanic,Barões da Pisadinha,"Quase nunca, mas depende da situação (com quem estou)",Tomar a frente da churrasqueira (carnes),Se sentir um homem,"Xampu, condicionador e sabonete quaisquer",Sim,"Pasta de dente, Creme de barbear, Protetor solar só quando vai à praia","Cuidado com a pele, Cuidado com a barba, Cuidado com o cabelo, Preocupação com estar cheiroso, Tomar banho",Sim,Sim,Prefiro minha aparência com barba,Entre 5-10 minutos,1 vez por semana,"Um momento que requer atenção, Um momento de prazer, Um momento de auto-cuidado",Mãe,Atacado,B,Não me incomodo,Sim,Não,Twitter,Não
5/2/2021 20:26:00,19,Cis,Hétero,E,Gente Grande,Vintage Culture,"Quase nunca, mas depende da situação (com quem estou)",Observar e curtir o rolê,"Empatia, Se sentir um homem, Inteligência emocional, Atitude e iniciativa, Respeito","Xampu, condicionador e sabonete específicos",Sim,"Pasta de dente, Protetor solar com frequência","Cuidado com a pele, Cuidado com a barba, Cuidado com o cabelo, Preocupação com estar cheiroso, Tomar banho",Sim,Sim,Prefiro minha aparência com barba,Entre 10-15 minutos,1 vez por mês,Um momento que requer atenção,Eu mesmo,Loja de eletroeletrônicos,E,Acho revolucionário,Sim,Não,Twitter,Não
5/2/2021 20:26:06,23,Cis,Hétero,A,Clube da Luta,MC Poze,Nunca,Observar e curtir o rolê,Pênis,"Xampu, condicionador e sabonete específicos",Sim,"Pasta de dente, Creme de barbear, Protetor solar só quando vai à praia, Protetor solar com frequência, Cremes hidratantes","Usar produtos de beleza variados, Cuidado com a barba, Cuidado com o cabelo",Sim,Sim,Barba me incomoda,Entre 10-15 minutos,A cada dois dias,Mais uma tarefa corriqueira qualquer,Eu mesmo,Internet,E,Não me incomodo,Sim,Não,Instagram,neymar 
5/2/2021 20:27:12,24,Trans,Bissexual,E,Corra,Pink Floyd,Sempre,Observar e curtir o rolê,Se sentir um homem,"Xampu, condicionador e sabonete quaisquer",Sim,"Pasta de dente, Creme de barbear, Protetor solar com frequência, Cremes hidratantes","Cuidado com a pele, Cuidado com a barba, Cuidado com o cabelo",Sim,Sim,Prefiro minha aparência com barba,Entre 10-15 minutos,1 vez por semana,"Um momento que requer atenção, Um momento de auto-cuidado",Eu mesmo,Farmácia,E,Não me incomodo,Sim,Não,Instagram,Não
5/2/2021 20:29:29,23,Cis,Bissexual,L,Corra,Pink Floyd,"Quase sempre, mas depende da situação (com quem estou)",Observar e curtir o rolê,"Empatia, Se sentir um homem, Respeito","Xampu, condicionador e sabonete quaisquer",Sim,"Pasta de dente, Protetor solar só quando vai à praia","Usar produtos de beleza variados, Cuidado com a pele, Cuidado com a barba, Cuidado com o cabelo",Sim,Sim,Prefiro minha aparência com barba,Menos de 5 minutos,1 vez a cada 15 dias,"Um momento que requer atenção, Um momento de auto-cuidado, Mais uma tarefa corriqueira qualquer",Eu mesmo,Internet,E,Não me incomodo,Sim,Não,Instagram,Lula
5/2/2021 20:32:50,21,Cis,Hétero,B,Vingadores,Racionais MC's,"Quase sempre, mas depende da situação (com quem estou)",Observar e curtir o rolê,Pênis,Xampu e sabonete quaisquer,Sim,"Pasta de dente, Protetor solar só quando vai à praia","Passar maquiagem, Usar produtos de beleza variados, Cuidado com a pele, Cuidado com a barba, Cuidado com o cabelo, Preocupação com estar cheiroso",Sim,Sim,Prefiro minha aparência com barba,Entre 15-20 minutos,1 vez por mês,"Um momento que requer atenção, Um momento de prazer, Um momento de auto-cuidado",Eu mesmo,Mercado,E,Não me incomodo,Sim,Não,Instagram,Dua Lipa
5/2/2021 20:33:09,18,Cis,Hétero,L,Clube da Luta,Barões da Pisadinha,"Quase sempre, mas depende da situação (com quem estou)",Tomar a frente da churrasqueira (carnes),"Pênis, Empatia, Se sentir um homem, Sensibilidade, Inteligência emocional, Coragem, Atitude e iniciativa, Respeito",Xampu e sabonete quaisquer,Sim,"Pasta de dente, Protetor solar com frequência, Cremes hidratantes","Passar maquiagem, Usar produtos de beleza variados, Cuidado com a pele, Cuidado com a barba, Cuidado com o cabelo, Preocupação com estar cheiroso",Sim,Sim,fica uma penugem escrota,Menos de 5 minutos,2 vezes por semana,Uma obrigação,Eu mesmo,Loja de eletroeletrônicos,E,Não me incomodo,Sim,Não,Twitter,supla
5/2/2021 20:34:39,19,Cis,Hétero,H,Clube da Luta,Pink Floyd,"Quase sempre, mas depende da situação (com quem estou)","Preparar os acompanhamentos (farofa, vinagrete, arroz etc.)","Empatia, Amabilidade, Se sentir um homem, Sensibilidade","Xampu, condicionador e sabonete quaisquer",Sim,"Pasta de dente, Creme de barbear, Protetor solar só quando vai à praia","Passar maquiagem, Usar produtos de beleza variados",Sim,Sim,Prefiro minha aparência com barba,Entre 5-10 minutos,1 vez a cada 15 dias,"Um momento de prazer, Um momento de auto-cuidado",Eu mesmo,Mercado,B,Não me incomodo,Sim,Não,Twitter,Não
5/2/2021 20:41:44,23,Cis,Hétero,B,Velozes e Furiosos,Iron Maiden,"Quase nunca, mas depende da situação (com quem estou)","Preparar os acompanhamentos (farofa, vinagrete, arroz etc.)","Empatia, Amabilidade, Se sentir um homem, Sensibilidade, Inteligência emocional, Coragem, Atitude e iniciativa, Respeito","Xampu, condicionador e sabonete específicos",Sim,"Pasta de dente, Protetor solar só quando vai à praia","Usar produtos de beleza variados, Cuidado com a pele",Sim,Sim,Para mudar de visual de vez em quando.,Entre 15-20 minutos,1 vez a cada 15 dias,"Um momento que requer atenção, Um momento de prazer, Um momento de auto-cuidado",Pai,Mercado,C,Não me incomodo,Sim,Não,Twitter,"Pedro Calaias, Ademaravilha, Tash Sultana e Dua Lipa."
5/2/2021 20:44:14,53,Cis,Hétero,K,Clube da Luta,Alanis Morissette,Nunca,Observar e curtir o rolê,Respeito,"Xampu, condicionador e sabonete quaisquer",Sim,"Pasta de dente, Protetor solar com frequência, Cremes hidratantes","Usar produtos de beleza variados, Cuidado com a pele, Cuidado com a barba, Cuidado com o cabelo, Preocupação com estar cheiroso, Tomar banho",Sim,Sim,Prefiro minha aparência com barba,Entre 5-10 minutos,1 vez por semana,Um momento de auto-cuidado,Eu mesmo,Farmácia,E,Não me incomodo,Sim,Não,Twitter,Jornalistas 
5/2/2021 20:44:23,18,Cis,Bissexual,A,Titanic,Chico Buarque,"Quase sempre, mas depende da situação (com quem estou)",Observar e curtir o rolê,"Empatia, Amabilidade, Sensibilidade, Respeito","Xampu, condicionador e sabonete quaisquer",Sim,"Pasta de dente, Creme de barbear, Protetor solar só quando vai à praia, Cremes hidratantes","Passar maquiagem, Usar produtos de beleza variados",Não,Sim,Barba me incomoda,Menos de 5 minutos,1 vez a cada 15 dias,"Um momento de auto-cuidado, Mais uma tarefa corriqueira qualquer",Mãe,Mercado,C,Acho revolucionário,Sim,Não,Twitter,Lucas Paiva
5/2/2021 20:44:37,17,Cis,Bissexual,L,Vingadores,Vintage Culture,"Quase sempre, mas depende da situação (com quem estou)",Observar e curtir o rolê,"Empatia, Sensibilidade, Inteligência emocional, Coragem, Respeito","Xampu, condicionador e sabonete específicos",Sim,"Pasta de dente, Creme de barbear, Protetor solar com frequência, Cremes hidratantes","Passar maquiagem, Usar produtos de beleza variados, Cuidado com a pele, Cuidado com a barba, Cuidado com o cabelo",Sim,Sim,Barba me incomoda,Menos de 5 minutos,2 vezes por semana,"Um momento de auto-cuidado, Uma obrigação",Pai,Loja de eletroeletrônicos,E,Não me incomodo,Sim,Não,Instagram,Não
5/2/2021 20:45:59,19,Cis,Bissexual,A,Titanic,Marília Mendonça,"Quase nunca, mas depende da situação (com quem estou)","Preparar os acompanhamentos (farofa, vinagrete, arroz etc.)","Empatia, Sensibilidade, Respeito",Xampu e sabonete quaisquer,Sim,"Pasta de dente, Creme de barbear, Protetor solar só quando vai à praia","Cuidado com a pele, Cuidado com a barba, Cuidado com o cabelo, Preocupação com estar cheiroso",Sim,Sim,Não uso barba ,Menos de 5 minutos,A cada dois dias,Um momento de auto-cuidado,Eu mesmo,Mercado,D,Não me incomodo,Sim,Não,Instagram,Não
5/2/2021 20:48:46,19,Cis,Hétero,A,Vingadores,Marília Mendonça,Sempre,Observar e curtir o rolê,"Empatia, Amabilidade, Se sentir um homem, Coragem, Respeito",Xampu e sabonete quaisquer,Sim,"Pasta de dente, Protetor solar só quando vai à praia","Passar maquiagem, Usar produtos de beleza variados",Não,Sim,Barba me incomoda,Menos de 5 minutos,1 vez a cada 15 dias,Um momento de auto-cuidado,Eu mesmo,Farmácia,D,"Não me incomodo, mas acho estranho",Sim,Não,YouTube,Não
5/2/2021 20:48:56,21,Cis,Hétero,B,Clube da Luta,Chico Buarque,"Quase sempre, mas depende da situação (com quem estou)",Observar e curtir o rolê,"Empatia, Amabilidade, Sensibilidade, Inteligência emocional, Respeito","Xampu, condicionador e sabonete quaisquer",Sim,"Pasta de dente, Protetor solar só quando vai à praia","Cuidado com a pele, Cuidado com a barba, Cuidado com o cabelo, Tomar banho",Sim,Não,Prefiro minha aparência com barba,Não faço a barba,Não faço a barba,Um momento de auto-cuidado,Mãe,Farmácia,E,Não me incomodo,Sim,Não,Instagram,Não
5/2/2021 20:50:21,18,Cis,Hétero,D,Corra,Racionais MC's,"Quase nunca, mas depende da situação (com quem estou)",Tomar a frente da churrasqueira (carnes),"Empatia, Amabilidade, Se sentir um homem, Sensibilidade, Inteligência emocional, Coragem, Atitude e iniciativa, Respeito",Xampu e sabonete específicos,Sim,"Pasta de dente, Creme de barbear, Protetor solar só quando vai à praia, Cremes hidratantes","Cuidado com a pele, Cuidado com a barba, Cuidado com o cabelo, Preocupação com estar cheiroso, Tomar banho",Sim,Sim,Prefiro minha aparência com barba,Entre 10-15 minutos,2 vezes por semana,"Um momento que requer atenção, Um momento de prazer, Um momento de auto-cuidado",Mãe,Mercado,D,Não me incomodo,Sim,Não,Instagram,Não
5/2/2021 20:55:39,18,Cis,Hétero,A,Velozes e Furiosos,Vintage Culture,"Quase nunca, mas depende da situação (com quem estou)",Observar e curtir o rolê,"Empatia, Sensibilidade, Inteligência emocional","Xampu, condicionador e sabonete específicos",Sim,"Pasta de dente, Protetor solar só quando vai à praia, Cremes hidratantes","Cuidado com a pele, Cuidado com a barba, Cuidado com o cabelo, Preocupação com estar cheiroso, Tomar banho",Sim,Sim,Prefiro minha aparência sem barba,Entre 5-10 minutos,A cada dois dias,"Um momento que requer atenção, Um momento de auto-cuidado",Eu mesmo,Loja de eletroeletrônicos,E,Não me incomodo,Sim,Não,Instagram,Bookster
5/2/2021 20:57:35,31,Cis,Hétero,J,Vingadores,Racionais MC's,"Quase nunca, mas depende da situação (com quem estou)",Tomar a frente da churrasqueira (carnes),"Empatia, Amabilidade, Sensibilidade, Inteligência emocional, Coragem, Atitude e iniciativa, Respeito","Xampu, condicionador e sabonete específicos",Sim,"Pasta de dente, Protetor solar com frequência, Cremes hidratantes","Passar maquiagem, Usar produtos de beleza variados, Cuidado com a pele, Preocupação com estar cheiroso",Sim,Sim,Prefiro minha aparência com barba,Menos de 5 minutos,Todo dia,Mais uma tarefa corriqueira qualquer,Eu mesmo,Mercado,C,"Não me incomodo, mas acho estranho",Sim,Não,Twitter,"Atletas do atletismo, basquete, futebol..."
5/2/2021 21:05:25,21,Cis,Hétero,B,Corra,Iron Maiden,Nunca,Observar e curtir o rolê,Se sentir um homem,"Xampu, condicionador e sabonete específicos",Sim,"Pasta de dente, Creme de barbear, Protetor solar só quando vai à praia, Cremes hidratantes","Cuidado com a pele, Cuidado com a barba, Cuidado com o cabelo, Preocupação com estar cheiroso",Sim,Sim,Prefiro minha aparência com barba,Menos de 5 minutos,1 vez por semana,Mais uma tarefa corriqueira qualquer,Eu mesmo,Farmácia,E,"Não me incomodo, mas acho estranho",Sim,Não,YouTube,Não
5/2/2021 21:14:07,27,Cis,Homossexual,A,Vingadores,Racionais MC's,"Quase sempre, mas depende da situação (com quem estou)",Tomar a frente da churrasqueira (carnes),Se sentir um homem,Xampu e sabonete quaisquer,Sim,"Pasta de dente, Creme de barbear, Protetor solar só quando vai à praia",Usar produtos de beleza variados,Não,Sim,Barba é falhada,Entre 5-10 minutos,1 vez a cada 15 dias,Mais uma tarefa corriqueira qualquer,Eu mesmo,Mercado,C,Não me incomodo,Sim,Não,Facebook,Políticos e influenciadores de opinião 
5/2/2021 21:18:22,22,Trans,Bissexual,L,Clube da Luta,Racionais MC's,"Quase sempre, mas depende da situação (com quem estou)",Tomar a frente da churrasqueira (carnes),Se sentir um homem,Xampu e sabonete quaisquer,Sim,"Pasta de dente, Creme de barbear, Cremes hidratantes","Cuidado com a pele, Cuidado com a barba, Cuidado com o cabelo, Preocupação com estar cheiroso",Sim,Sim,Prefiro minha aparência com barba,Entre 5-10 minutos,1 vez a cada 15 dias,"Um momento que requer atenção, Um momento de prazer, Um momento de auto-cuidado",Eu mesmo,Internet,E,Não me incomodo,Sim,Não,YouTube,Não
5/2/2021 21:26:13,24,Cis,Bissexual,H,Vingadores,Mandragora,"Quase nunca, mas depende da situação (com quem estou)",Observar e curtir o rolê,"Empatia, Se sentir um homem, Sensibilidade, Inteligência emocional, Respeito","Xampu, condicionador e sabonete específicos",Sim,"Pasta de dente, Protetor solar só quando vai à praia, Cremes hidratantes","Passar maquiagem, Usar produtos de beleza variados, Cuidado com a pele, Cuidado com a barba, Cuidado com o cabelo, Preocupação com estar cheiroso",Sim,Sim,"Minha barba é muito rala, então deixo sem",Menos de 5 minutos,1 vez por semana,Mais uma tarefa corriqueira qualquer,Eu mesmo,Loja de eletroeletrônicos,E,"Não me incomodo, mas acho estranho",Sim,Não,Instagram,Miley cyrus
5/2/2021 21:34:42,54,Não conheço essas nomenclaturas,Hétero,A,Titanic,Pink Floyd,Nunca,"Preparar os acompanhamentos (farofa, vinagrete, arroz etc.)","Empatia, Amabilidade, Sensibilidade, Inteligência emocional, Manter as condições financeiras da família, Coragem, Atitude e iniciativa, Respeito",Xampu e sabonete específicos,Sim,"Pasta de dente, Creme de barbear, Protetor solar só quando vai à praia, Cremes hidratantes","Cuidado com a pele, Cuidado com o cabelo, Tomar banho",Sim,Sim,Barba me incomoda,Menos de 5 minutos,2 vezes por semana,"Um momento que requer atenção, Um momento de auto-cuidado",Eu mesmo,Farmácia,D,"Não me incomodo, mas acho estranho",Sim,Não,Instagram,Não
5/2/2021 21:35:26,18,Cis,Hétero,F,Vingadores,Racionais MC's,"Quase nunca, mas depende da situação (com quem estou)",Tomar a frente da churrasqueira (carnes),"Empatia, Amabilidade, Se sentir um homem, Sensibilidade, Inteligência emocional, Coragem, Atitude e iniciativa, Respeito",Xampu e sabonete específicos,Sim,"Pasta de dente, Creme de barbear, Protetor solar só quando vai à praia","Passar maquiagem, Usar produtos de beleza variados, Cuidado com a pele, Cuidado com a barba, Cuidado com o cabelo, Preocupação com estar cheiroso",Sim,Sim,Barba me incomoda,Entre 5-10 minutos,2 vezes por semana,"Um momento que requer atenção, Mais uma tarefa corriqueira qualquer",Eu mesmo,Mercado,D,Não me incomodo,Sim,Não,Instagram,Não
5/2/2021 21:36:18,20,Cis,Hétero,E,Clube dos Cinco,Pink Floyd,Nunca,Observar e curtir o rolê,"Empatia, Se sentir um homem, Sensibilidade, Inteligência emocional, Coragem, Atitude e iniciativa, Respeito",Um sabonete qualquer,Sim,"Pasta de dente, Creme de barbear","Cuidado com a barba, Cuidado com o cabelo, Preocupação com estar cheiroso, Tomar banho",Sim,Sim,Prefiro minha aparência com barba,Menos de 5 minutos,1 vez por mês,"Um momento de prazer, Um momento de auto-cuidado",Eu mesmo,Farmácia,C,Não me incomodo,Sim,Não,Instagram,Não
5/2/2021 21:47:09,25,Prefiro não declarar,Prefiro não declarar,H,Corra,Chico Buarque,"Quase sempre, mas depende da situação (com quem estou)","Preparar os acompanhamentos (farofa, vinagrete, arroz etc.)",Se sentir um homem,"Xampu, condicionador e sabonete quaisquer",Sim,"Pasta de dente, Creme de barbear, Protetor solar só quando vai à praia, Cremes hidratantes",Usar produtos de beleza variados,Não,Sim,Barba me incomoda,Entre 10-15 minutos,1 vez por semana,Mais uma tarefa corriqueira qualquer,Eu mesmo,Mercado,C,Não me incomodo,Sim,Não,Instagram,Não
5/2/2021 22:00:49,18,Cis,Hétero,D,Corra,Racionais MC's,"Quase nunca, mas depende da situação (com quem estou)",Tomar a frente da churrasqueira (carnes),"Empatia, Amabilidade, Se sentir um homem, Sensibilidade, Inteligência emocional, Coragem, Atitude e iniciativa, Respeito",Xampu e sabonete específicos,Sim,"Pasta de dente, Creme de barbear, Protetor solar só quando vai à praia, Cremes hidratantes","Cuidado com a pele, Cuidado com a barba, Cuidado com o cabelo, Preocupação com estar cheiroso, Tomar banho",Sim,Sim,Prefiro minha aparência com barba,Entre 10-15 minutos,2 vezes por semana,"Um momento que requer atenção, Um momento de prazer, Um momento de auto-cuidado",Mãe,Mercado,D,Não me incomodo,Sim,Não,Instagram,Não
5/2/2021 22:02:35,21,Cis,Hétero,E,Vingadores,Evanescence,"Quase nunca, mas depende da situação (com quem estou)",Observar e curtir o rolê,"Empatia, Amabilidade, Se sentir um homem, Sensibilidade, Inteligência emocional, Respeito","Xampu, condicionador e sabonete quaisquer",Sim,"Pasta de dente, Protetor solar com frequência, Cremes hidratantes",Usar produtos de beleza variados,Não,Sim,Barba me incomoda,Entre 10-15 minutos,1 vez por semana,"Um momento que requer atenção, Um momento de auto-cuidado",Eu mesmo,Loja de eletroeletrônicos,E,Não me incomodo,Sim,Não,Instagram,"muitos artistas e músicos, guitarristas principalmente"
5/2/2021 22:11:20,29,Cis,Hétero,D,Clube da Luta,Pink Floyd,"Quase nunca, mas depende da situação (com quem estou)",Tomar a frente da churrasqueira (carnes),"Atitude e iniciativa, Respeito","Xampu, condicionador e sabonete específicos",Sim,"Pasta de dente, Protetor solar só quando vai à praia",Cuidado com o cabelo,Sim,Sim,Prefiro minha aparência com barba,Entre 5-10 minutos,1 vez por semana,Mais uma tarefa corriqueira qualquer,Eu mesmo,Mercado,D,"Não me incomodo, mas acho estranho",Sim,Não,Twitter,Não
5/2/2021 22:11:43,20,Cis,Hétero,E,Vingadores,Racionais MC's,"Quase sempre, mas depende da situação (com quem estou)",Tomar a frente da churrasqueira (carnes),"Coragem, Atitude e iniciativa, Respeito","Xampu, condicionador e sabonete quaisquer",Sim,Pasta de dente,"Passar maquiagem, Usar produtos de beleza variados, Cuidado com a pele, Cuidado com a barba, Cuidado com o cabelo, Preocupação com estar cheiroso",Sim,Sim,Prefiro minha aparência com barba,Entre 20-25 minutos,1 vez a cada 15 dias,Um momento que requer atenção,Pai,Mercado,C,Acho revolucionário,Sim,Não,Twitter,Neymar
5/2/2021 22:46:43,21,Cis,Hétero,E,Titanic,Pink Floyd,"Quase sempre, mas depende da situação (com quem estou)","Preparar os acompanhamentos (farofa, vinagrete, arroz etc.)","Empatia, Amabilidade, Se sentir um homem, Inteligência emocional, Coragem, Respeito","Xampu, condicionador e sabonete específicos",Sim,"Pasta de dente, Creme de barbear, Protetor solar só quando vai à praia","Passar maquiagem, Usar produtos de beleza variados, Cuidado com a barba, Cuidado com o cabelo",Não,Não,Se cresce demais fica zoado,Entre 5-10 minutos,1 vez por semana,Mais uma tarefa corriqueira qualquer,Eu mesmo,Farmácia,A,Não me incomodo,Sim,Não,Twitter,"Musicos, tatuadorxs, outrxs artistas e influencers não blogeirxs"
5/2/2021 23:17:24,24,Cis,Hétero,D,Corra,Pink Floyd,"Quase nunca, mas depende da situação (com quem estou)",Observar e curtir o rolê,Se sentir um homem,"Xampu, condicionador e sabonete específicos",Sim,"Pasta de dente, Creme de barbear, Protetor solar só quando vai à praia","Usar produtos de beleza variados, Cuidado com a pele, Cuidado com a barba, Cuidado com o cabelo, Preocupação com estar cheiroso",Sim,Sim,Prefiro minha aparência com barba,Entre 10-15 minutos,1 vez por mês,"Um momento que requer atenção, Um momento de auto-cuidado",Eu mesmo,Mercado,D,Não me incomodo,Sim,Não,Instagram,João Gordo
5/2/2021 23:53:50,21,Cis,Hétero,E,Clube da Luta,Racionais MC's,"Quase nunca, mas depende da situação (com quem estou)",Observar e curtir o rolê,Se sentir um homem,Xampu e sabonete quaisquer,Não,"Pasta de dente, Creme de barbear","Cuidado com a pele, Cuidado com a barba, Cuidado com o cabelo, Preocupação com estar cheiroso",Não,Sim,Barba me incomoda,Entre 5-10 minutos,1 vez a cada 15 dias,Mais uma tarefa corriqueira qualquer,Eu mesmo,Mercado,D,Não me incomodo,Sim,Não,Twitter,Não
5/3/2021 0:04:17,19,Cis,Bissexual,E,Vingadores,Barões da Pisadinha,"Quase sempre, mas depende da situação (com quem estou)",Observar e curtir o rolê,"Empatia, Amabilidade, Se sentir um homem, Sensibilidade, Inteligência emocional, Respeito","Xampu, condicionador e sabonete quaisquer",Sim,"Pasta de dente, Creme de barbear, Protetor solar só quando vai à praia","Cuidado com a pele, Cuidado com a barba, Cuidado com o cabelo",Sim,Sim,Prefiro minha aparência com barba,Entre 10-15 minutos,1 vez a cada 15 dias,"Um momento que requer atenção, Um momento de auto-cuidado",Eu mesmo,Internet,D,Não me incomodo,Sim,Não,Twitter,Igor namo bbb
5/3/2021 0:43:39,22,Cis,Bissexual,A,Clube da Luta,Evanescence,"Quase sempre, mas depende da situação (com quem estou)",Observar e curtir o rolê,"Se sentir um homem, Inteligência emocional",Xampu e sabonete quaisquer,Sim,"Pasta de dente, Creme de barbear, Protetor solar só quando vai à praia, Cremes hidratantes","Cuidado com a barba, Cuidado com o cabelo",Não,Sim,Barba me incomoda,Menos de 5 minutos,1 vez por mês,Mais uma tarefa corriqueira qualquer,Eu mesmo,Farmácia,C,Não me incomodo,Sim,Não,Instagram,Não
5/3/2021 0:51:07,20,Cis,Bissexual,B,Corra,Evanescence,"Quase sempre, mas depende da situação (com quem estou)",Tomar a frente da churrasqueira (carnes),"Empatia, Se sentir um homem, Inteligência emocional, Respeito","Xampu, condicionador e sabonete específicos",Sim,"Pasta de dente, Creme de barbear, Cremes hidratantes","Passar maquiagem, Usar produtos de beleza variados, Cuidado com a pele, Cuidado com a barba, Cuidado com o cabelo",Não,Sim,Prefiro minha aparência com barba,Mais de 25 minutos,1 vez por mês,"Um momento que requer atenção, Um momento de prazer, Um momento de auto-cuidado",Eu mesmo,Mercado,E,Não me incomodo,Sim,Não,YouTube,Não
5/3/2021 1:40:53,26,Cis,Hétero,B,Clube da Luta,Chico Buarque,"Quase sempre, mas depende da situação (com quem estou)",Observar e curtir o rolê,Respeito,"Xampu, condicionador e sabonete quaisquer",Sim,"Pasta de dente, Protetor solar com frequência, Cremes hidratantes","Usar produtos de beleza variados, Cuidado com a pele, Cuidado com a barba, Cuidado com o cabelo",Sim,Sim,Prefiro minha aparência com barba,Não faço a barba,1 vez por mês,Um momento de auto-cuidado,Faço no salão,Mercado,A,Não me incomodo,Sim,Não,Facebook,Muitos artistas no geral 
5/3/2021 1:57:53,20,Cis,Homossexual,B,Clube da Luta,Barões da Pisadinha,"Quase nunca, mas depende da situação (com quem estou)",Observar e curtir o rolê,Se sentir um homem,"Xampu, condicionador e sabonete quaisquer",Sim,"Pasta de dente, Creme de barbear, Protetor solar só quando vai à praia, Cremes hidratantes","Passar maquiagem, Usar produtos de beleza variados, Cuidado com a pele, Cuidado com a barba, Cuidado com o cabelo, Preocupação com estar cheiroso",Sim,Sim,Prefiro minha aparência com barba,Não faço a barba,1 vez a cada 15 dias,Um momento de auto-cuidado,Barbeiro(a),Mercado,A,Acho revolucionário,Sim,Não,Instagram,"Meu são vários influencers, tipo Maicon Santini, samir duarte, phelipe cruz e entre outros"
5/3/2021 7:56:51,25,Cis,Hétero,J,Clube da Luta,Iron Maiden,"Quase sempre, mas depende da situação (com quem estou)",Tomar a frente da churrasqueira (carnes),"Pênis, Empatia, Amabilidade, Se sentir um homem, Inteligência emocional, Coragem, Atitude e iniciativa, Respeito",Xampu e sabonete quaisquer,Sim,"Pasta de dente, Creme de barbear, Protetor solar só quando vai à praia, Cremes hidratantes","Cuidado com a pele, Cuidado com a barba, Cuidado com o cabelo, Preocupação com estar cheiroso, Tomar banho",Sim,Sim,Prefiro minha aparência com barba,Mais de 25 minutos,1 vez a cada 15 dias,"Um momento que requer atenção, Um momento de prazer, Um momento de auto-cuidado",Eu mesmo,Farmácia,A,Acho revolucionário,Sim,Não,Facebook,Não
5/3/2021 8:20:01,20,Cis,Hétero,B,Corra,Chico Buarque,"Quase nunca, mas depende da situação (com quem estou)",Observar e curtir o rolê,"Se sentir um homem, Respeito","Xampu, condicionador e sabonete quaisquer",Sim,"Pasta de dente, Creme de barbear, Protetor solar só quando vai à praia","Passar maquiagem, Usar produtos de beleza variados, Cuidado com a pele, Cuidado com a barba, Cuidado com o cabelo, Preocupação com estar cheiroso, Tomar banho",Não,Sim,Prefiro minha aparência com barba,Entre 10-15 minutos,A cada dois dias,"Um momento que requer atenção, Um momento de prazer, Um momento de auto-cuidado",Eu mesmo,Farmácia,D,Não me incomodo,Sim,Não,YouTube,Não
5/3/2021 9:37:19,20,Trans,Bissexual,E,Clube dos Cinco,Pink Floyd,"Quase sempre, mas depende da situação (com quem estou)",Observar e curtir o rolê,Se sentir um homem,"Xampu, condicionador e sabonete específicos",Sim,"Pasta de dente, Creme de barbear, Protetor solar com frequência, Cremes hidratantes","Passar maquiagem, Usar produtos de beleza variados, Cuidado com a pele, Cuidado com a barba, Cuidado com o cabelo",Sim,Sim,Barba me incomoda,Entre 15-20 minutos,1 vez por mês,"Um momento que requer atenção, Um momento de auto-cuidado",Eu mesmo,Farmácia,D,Não me incomodo,Sim,Não,Twitter,Não
5/3/2021 11:17:30,17,Cis,Hétero,D,Velozes e Furiosos,Barões da Pisadinha,"Quase nunca, mas depende da situação (com quem estou)",Observar e curtir o rolê,"Empatia, Sensibilidade, Inteligência emocional, Manter as condições financeiras da família, Coragem, Atitude e iniciativa, Respeito",Xampu e sabonete específicos,Sim,"Pasta de dente, Creme de barbear, Protetor solar só quando vai à praia, Cremes hidratantes","Cuidado com a pele, Cuidado com a barba, Cuidado com o cabelo, Preocupação com estar cheiroso, Tomar banho",Sim,Sim,Prefiro minha aparência com barba,Entre 5-10 minutos,2 vezes por semana,Mais uma tarefa corriqueira qualquer,Eu mesmo,Internet,E,"Não me incomodo, mas acho estranho",Sim,Não,Instagram,"Neymar, Federer, The rock"
5/3/2021 11:19:25,17,Cis,Hétero,A,Vingadores,Vintage Culture,"Quase nunca, mas depende da situação (com quem estou)",Tomar a frente da churrasqueira (carnes),"Empatia, Respeito",Xampu e sabonete específicos,Sim,"Pasta de dente, Creme de barbear, Protetor solar só quando vai à praia","Usar produtos de beleza variados, Cuidado com a pele",Não,Sim,Barba me incomoda,Entre 5-10 minutos,1 vez a cada 15 dias,Mais uma tarefa corriqueira qualquer,Eu mesmo,Farmácia,D,Não me incomodo,Sim,Não,Instagram,Não
5/3/2021 11:23:24,18,Não conheço essas nomenclaturas,Hétero,J,Velozes e Furiosos,Marília Mendonça,"Quase nunca, mas depende da situação (com quem estou)",Observar e curtir o rolê,"Empatia, Amabilidade, Sensibilidade, Manter as condições financeiras da família, Coragem, Atitude e iniciativa, Respeito",Xampu e sabonete quaisquer,Sim,Pasta de dente,"Cuidado com a pele, Cuidado com a barba, Cuidado com o cabelo, Preocupação com estar cheiroso",Não,Sim,Por questões de trabalho,Entre 10-15 minutos,1 vez por semana,Mais uma tarefa corriqueira qualquer,Eu mesmo,Farmácia,C,"Não me incomodo, mas acho estranho",Sim,Não,Instagram,Mc kevin esquéci 
5/3/2021 11:23:30,18,Não conheço essas nomenclaturas,Hétero,J,Vingadores,Barões da Pisadinha,"Quase nunca, mas depende da situação (com quem estou)",Observar e curtir o rolê,"Empatia, Sensibilidade, Inteligência emocional, Coragem, Atitude e iniciativa, Respeito",Xampu e sabonete específicos,Sim,"Pasta de dente, Creme de barbear, Cremes hidratantes","Passar maquiagem, Usar produtos de beleza variados",Não,Sim,Pra não ficar mais feio ainda HAHAHAHAH,Entre 5-10 minutos,2 vezes por semana,Um momento de auto-cuidado,Eu mesmo,Farmácia,D,Não me incomodo,Sim,Não,YouTube,Não
5/3/2021 11:23:52,18,Cis,Hétero,E,Corra,Vintage Culture,Sempre,Observar e curtir o rolê,"Empatia, Amabilidade, Inteligência emocional, Manter as condições financeiras da família, Respeito","Xampu, condicionador e sabonete específicos",Sim,"Pasta de dente, Cremes hidratantes","Cuidado com a pele, Cuidado com a barba, Cuidado com o cabelo, Preocupação com estar cheiroso, Tomar banho",Sim,Sim,Prefiro minha aparência com barba,Menos de 5 minutos,1 vez por mês,Mais uma tarefa corriqueira qualquer,Eu mesmo,Loja de eletroeletrônicos,E,"Não me incomodo, mas acho estranho",Sim,Não,YouTube,Não
5/3/2021 11:26:25,17,Cis,Hétero,A,Gente Grande,Chico Buarque,Sempre,Observar e curtir o rolê,"Pênis, Empatia, Capacidade de reproduzir, Manter as condições financeiras da família, Respeito",Xampu e sabonete quaisquer,Sim,"Pasta de dente, Creme de barbear","Passar maquiagem, Usar produtos de beleza variados, Cuidado com a pele, Preocupação com estar cheiroso",Não,Sim,Barba me incomoda,Entre 5-10 minutos,A cada dois dias,Um momento que requer atenção,Eu mesmo,Internet,D,Me sinto incomodado,Sim,"Não, desde que não estejam ""se mostrando demais""",TikTok,Não
5/3/2021 11:28:12,18,Não conheço essas nomenclaturas,Hétero,L,Velozes e Furiosos,Marília Mendonça,"Quase nunca, mas depende da situação (com quem estou)",Observar e curtir o rolê,"Pênis, Empatia, Amabilidade, Se sentir um homem, Sensibilidade, Capacidade de reproduzir, Inteligência emocional, Manter as condições financeiras da família, Coragem, Atitude e iniciativa, Respeito",Xampu e sabonete quaisquer,Sim,"Pasta de dente, Creme de barbear","Passar maquiagem, Usar produtos de beleza variados",Não,Sim,Barba me incomoda,Entre 5-10 minutos,2 vezes por semana,"Mais uma tarefa corriqueira qualquer, Uma obrigação",Pai,Farmácia,D,Não me incomodo,Sim,Não,Instagram,Felipe Titto
5/3/2021 11:32:13,18,Cis,Hétero,E,Gente Grande,Marília Mendonça,Sempre,Tomar a frente da churrasqueira (carnes),"Empatia, Amabilidade, Sensibilidade, Inteligência emocional, Respeito",Xampu e sabonete quaisquer,Sim,"Pasta de dente, Creme de barbear, Protetor solar com frequência","Cuidado com a pele, Cuidado com a barba, Cuidado com o cabelo, Preocupação com estar cheiroso, Tomar banho",Sim,Sim,Prefiro minha aparência com barba,Entre 10-15 minutos,1 vez a cada 15 dias,"Um momento que requer atenção, Um momento de auto-cuidado",Eu mesmo,Farmácia,E,Não me incomodo,Sim,Não,Instagram,Não
5/3/2021 11:35:43,18,Cis,Hétero,A,Vingadores,Barões da Pisadinha,Sempre,Observar e curtir o rolê,"Empatia, Inteligência emocional, Manter as condições financeiras da família, Coragem, Atitude e iniciativa, Respeito",Xampu e sabonete quaisquer,Sim,"Pasta de dente, Creme de barbear, Protetor solar só quando vai à praia","Cuidado com o cabelo, Preocupação com estar cheiroso, Tomar banho",Não,Sim,Barba me incomoda,Entre 5-10 minutos,2 vezes por semana,Mais uma tarefa corriqueira qualquer,Eu mesmo,Farmácia,D,Não me incomodo,Sim,Não,Instagram,@pedrofeitosa
5/3/2021 11:44:50,17,Cis,Hétero,L,Vingadores,Vintage Culture,"Quase nunca, mas depende da situação (com quem estou)",Tomar a frente da churrasqueira (carnes),"Empatia, Amabilidade, Sensibilidade, Coragem, Atitude e iniciativa, Respeito",Xampu e sabonete específicos,Sim,"Pasta de dente, Creme de barbear, Protetor solar só quando vai à praia","Usar produtos de beleza variados, Cuidado com a pele, Cuidado com a barba, Cuidado com o cabelo, Preocupação com estar cheiroso, Tomar banho",Sim,Sim,Prefiro minha aparência sem barba ,Entre 5-10 minutos,1 vez a cada 15 dias,"Um momento que requer atenção, Um momento de auto-cuidado",Eu mesmo,Mercado,C,Não me incomodo,Sim,Não,Instagram,"Thiago Nigro, Joel Jota, Tiago Brunet, Tonny Robbins, Caio Carneiro "
5/3/2021 11:49:58,19,Cis,Hétero,H,Vingadores,Racionais MC's,"Quase sempre, mas depende da situação (com quem estou)",Observar e curtir o rolê,"Pênis, Se sentir um homem","Xampu, condicionador e sabonete quaisquer",Sim,"Pasta de dente, Protetor solar só quando vai à praia","Cuidado com a pele, Cuidado com a barba, Cuidado com o cabelo, Preocupação com estar cheiroso, Tomar banho",Sim,Não,Barba falhada,Menos de 5 minutos,1 vez por semana,Um momento de auto-cuidado,Eu mesmo,Internet,D,"Não me incomodo, mas acho estranho",Sim,Não,Instagram,Não
5/3/2021 11:51:50,18,Cis,Hétero,L,Vingadores,Marília Mendonça,"Quase nunca, mas depende da situação (com quem estou)",Observar e curtir o rolê,"Se sentir um homem, Inteligência emocional, Respeito",Xampu e sabonete quaisquer,Sim,"Pasta de dente, Protetor solar só quando vai à praia","Passar maquiagem, Usar produtos de beleza variados, Cuidado com a pele",Não,Sim,So tirar o bigode pq nao tenho barba,Menos de 5 minutos,2 vezes por semana,Mais uma tarefa corriqueira qualquer,Mãe,Farmácia,C,Não me incomodo,Sim,Não,TikTok,Não
5/3/2021 11:58:59,18,Cis,Bissexual,A,Vingadores,Chico Buarque,"Quase sempre, mas depende da situação (com quem estou)",Tomar a frente da churrasqueira (carnes),"Empatia, Amabilidade, Se sentir um homem, Sensibilidade, Atitude e iniciativa, Respeito","Xampu, condicionador e sabonete específicos",Sim,"Pasta de dente, Creme de barbear, Protetor solar só quando vai à praia, Cremes hidratantes","Passar maquiagem, Usar produtos de beleza variados",Sim,Sim,Barba me incomoda,Menos de 5 minutos,1 vez a cada 15 dias,Um momento de auto-cuidado,Pai,Mercado,C,Não me incomodo,Sim,Não,Instagram,Emicida
5/3/2021 12:02:04,19,Cis,Hétero,G,Clube da Luta,Evanescence,"Quase sempre, mas depende da situação (com quem estou)",Tomar a frente da churrasqueira (carnes),"Empatia, Se sentir um homem, Sensibilidade, Inteligência emocional, Respeito","Xampu, condicionador e sabonete específicos",Sim,"Pasta de dente, Protetor solar só quando vai à praia, Cremes hidratantes","Passar maquiagem, Cuidado com o cabelo",Sim,Não,Prefiro minha aparência com barba,Entre 15-20 minutos,Não faço a barba,Um momento de auto-cuidado,Eu mesmo,Mercado,C,Não me incomodo,Sim,Não,YouTube,Edson castro
5/3/2021 12:39:17,17,Cis,Hétero,E,Vingadores,Chico Buarque,Sempre,Observar e curtir o rolê,"Empatia, Amabilidade, Se sentir um homem, Sensibilidade, Inteligência emocional, Coragem, Respeito",Xampu e sabonete quaisquer,Sim,"Pasta de dente, Creme de barbear",Usar produtos de beleza variados,Não,Sim,Prefiro minha aparência com barba,Entre 5-10 minutos,1 vez a cada 15 dias,"Um momento que requer atenção, Um momento de auto-cuidado",Pai,Loja de eletroeletrônicos,E,Não me incomodo,Sim,Não,YouTube,Não
5/3/2021 12:46:10,18,Não conheço essas nomenclaturas,Hétero,L,Gente Grande,Marília Mendonça,"Quase sempre, mas depende da situação (com quem estou)",Observar e curtir o rolê,"Capacidade de reproduzir, Atitude e iniciativa, Respeito",Xampu e sabonete quaisquer,Sim,Pasta de dente,"Passar maquiagem, Usar produtos de beleza variados, Cuidado com a pele",Não,Sim,Barba me incomoda,Menos de 5 minutos,A cada dois dias,"Mais uma tarefa corriqueira qualquer, Uma obrigação",Eu mesmo,Mercado,C,"Não me incomodo, mas acho estranho",Não,Não,Instagram,KRAV MAGA CAVEIRA
5/3/2021 12:50:51,19,Cis,Hétero,L,Velozes e Furiosos,Racionais MC's,"Quase nunca, mas depende da situação (com quem estou)",Observar e curtir o rolê,"Empatia, Amabilidade, Sensibilidade, Inteligência emocional, Respeito","Xampu, condicionador e sabonete específicos",Sim,"Pasta de dente, Creme de barbear, Protetor solar com frequência","Preocupação com estar cheiroso, Tomar banho",Sim,Sim,Ela não preenche o rosto todo,Menos de 5 minutos,1 vez por semana,Mais uma tarefa corriqueira qualquer,Quem estiver na farmácia,Farmácia,D,Não me incomodo,Não,Não,Instagram,"Mano Brown, Vietnã, Seu Jorge, Kl Jay"
5/3/2021 13:04:05,20,Cis,Hétero,L,Corra,Mandragora,"Quase nunca, mas depende da situação (com quem estou)",Tomar a frente da churrasqueira (carnes),"Empatia, Amabilidade, Se sentir um homem, Sensibilidade, Inteligência emocional, Coragem, Atitude e iniciativa, Respeito",Xampu e sabonete quaisquer,Sim,"Pasta de dente, Creme de barbear, Protetor solar só quando vai à praia","Usar produtos de beleza variados, Cuidado com a pele, Cuidado com a barba, Cuidado com o cabelo, Preocupação com estar cheiroso",Sim,Sim,Prefiro minha aparência com barba,Entre 5-10 minutos,A cada dois dias,"Um momento que requer atenção, Um momento de prazer, Um momento de auto-cuidado",Eu mesmo,Farmácia,D,Não me incomodo,Sim,Não,Instagram,Não
5/3/2021 13:12:48,17,Não conheço essas nomenclaturas,Hétero,A,Velozes e Furiosos,Barões da Pisadinha,Nunca,Observar e curtir o rolê,Se sentir um homem,Xampu e sabonete quaisquer,Sim,"Pasta de dente, Creme de barbear, Protetor solar só quando vai à praia","Passar maquiagem, Usar produtos de beleza variados, Cuidado com a pele",Sim,Sim,Barba me incomoda,Entre 5-10 minutos,1 vez por semana,Um momento de auto-cuidado,Eu mesmo,Mercado,C,Não me incomodo,Sim,Não,Instagram,Neymar
5/3/2021 13:19:04,17,Cis,Hétero,A,Gente Grande,Chico Buarque,Sempre,Observar e curtir o rolê,"Pênis, Empatia, Capacidade de reproduzir, Manter as condições financeiras da família, Respeito",Xampu e sabonete quaisquer,Sim,"Pasta de dente, Creme de barbear","Passar maquiagem, Usar produtos de beleza variados, Cuidado com a pele, Preocupação com estar cheiroso",Não,Sim,Barba me incomoda,Entre 5-10 minutos,A cada dois dias,Um momento que requer atenção,Eu mesmo,Internet,D,Me sinto incomodado,Sim,"Não, desde que não estejam ""se mostrando demais""",TikTok,Não
5/3/2021 14:11:57,18,Cis,Hétero,A,Vingadores,Vintage Culture,Sempre,Tomar a frente da churrasqueira (carnes),"Inteligência emocional, Manter as condições financeiras da família, Coragem, Respeito",Xampu e sabonete específicos,Sim,"Pasta de dente, Protetor solar só quando vai à praia, Protetor solar com frequência","Cuidado com o cabelo, Preocupação com estar cheiroso, Tomar banho",Não,Sim,Barba me incomoda,Entre 10-15 minutos,1 vez por semana,Mais uma tarefa corriqueira qualquer,Eu mesmo,Farmácia,D,Não me incomodo,Sim,Não,YouTube,primorico e neymar 
5/3/2021 14:28:31,17,Cis,Hétero,L,Velozes e Furiosos,Racionais MC's,"Quase nunca, mas depende da situação (com quem estou)",Tomar a frente da churrasqueira (carnes),Se sentir um homem,"Xampu, condicionador e sabonete específicos",Sim,"Pasta de dente, Creme de barbear","Usar produtos de beleza variados, Cuidado com a pele, Cuidado com a barba, Cuidado com o cabelo, Preocupação com estar cheiroso, Tomar banho",Sim,Sim,Barba me incomoda,Menos de 5 minutos,1 vez por semana,"Um momento que requer atenção, Um momento de auto-cuidado",Mãe,Farmácia,D,Não me incomodo,Não,Não,Instagram,destripida.e
5/3/2021 17:39:03,18,Cis,Hétero,F,Vingadores,Racionais MC's,"Quase nunca, mas depende da situação (com quem estou)",Tomar a frente da churrasqueira (carnes),"Empatia, Amabilidade, Se sentir um homem, Sensibilidade, Inteligência emocional, Coragem, Atitude e iniciativa, Respeito",Xampu e sabonete específicos,Sim,"Pasta de dente, Creme de barbear, Protetor solar só quando vai à praia","Passar maquiagem, Usar produtos de beleza variados, Cuidado com a pele, Cuidado com a barba, Cuidado com o cabelo, Preocupação com estar cheiroso",Sim,Sim,Barba me incomoda,Entre 5-10 minutos,2 vezes por semana,"Um momento que requer atenção, Mais uma tarefa corriqueira qualquer",Eu mesmo,Mercado,D,Não me incomodo,Sim,Não,Instagram,Não
5/3/2021 22:13:45,18,Cis,Hétero,D,Velozes e Furiosos,Racionais MC's,"Quase sempre, mas depende da situação (com quem estou)",Tomar a frente da churrasqueira (carnes),"Empatia, Amabilidade, Se sentir um homem, Inteligência emocional, Coragem, Atitude e iniciativa, Respeito",Xampu e sabonete quaisquer,Sim,"Pasta de dente, Creme de barbear, Protetor solar só quando vai à praia","Cuidado com a pele, Cuidado com a barba, Cuidado com o cabelo, Preocupação com estar cheiroso, Tomar banho",Sim,Sim,Prefiro minha aparência com barba,Entre 10-15 minutos,1 vez por semana,Um momento que requer atenção,Mãe,Mercado,D,"Não me incomodo, desde que não se insinue para cima de mim",Sim,Não,Instagram,Não
5/4/2021 0:09:34,30,Cis,Hétero,L,Corra,Racionais MC's,"Quase nunca, mas depende da situação (com quem estou)","Preparar os acompanhamentos (farofa, vinagrete, arroz etc.)",Se sentir um homem,"Xampu, condicionador e sabonete específicos",Sim,"Pasta de dente, Protetor solar com frequência, Cremes hidratantes","Usar produtos de beleza variados, Cuidado com a pele, Cuidado com a barba, Cuidado com o cabelo, Preocupação com estar cheiroso",Sim,Sim,Para ficar mais próximo daquilo que julgo ser a minha melhor versão estética e a que mais me agrada,Entre 5-10 minutos,1 vez a cada 15 dias,Um momento de auto-cuidado,Eu mesmo,Farmácia,A,Não me incomodo,Sim,Não,YouTube,Não
5/5/2021 1:34:37,21,Cis,Bissexual,C,Clube da Luta,Mandragora,Sempre,Observar e curtir o rolê,"Se sentir um homem, Respeito",Xampu e sabonete quaisquer,Sim,"Pasta de dente, Creme de barbear","Passar maquiagem, Usar produtos de beleza variados, Cuidado com a pele",Não,Não,Não faço a barba,Não faço a barba,Não faço a barba,Não faço a barba,Eu mesmo,Internet,E,Não me incomodo,Sim,Não,Facebook,Nosferotika
5/5/2021 16:17:43,17,Cis,Hétero,E,Corra,Pink Floyd,Nunca,Tomar a frente da churrasqueira (carnes),Respeito,Xampu e sabonete quaisquer,Não,Cremes hidratantes,"Cuidado com o cabelo, Preocupação com estar cheiroso, Tomar banho",Não,Sim,Prefiro minha aparência com barba,Menos de 5 minutos,1 vez por mês,Um momento de auto-cuidado,Eu mesmo,Farmácia,E,Não me incomodo,Sim,Não,Instagram,david guilmour
5/5/2021 19:16:31,23,Cis,Prefiro não declarar,K,Titanic,Racionais MC's,"Quase nunca, mas depende da situação (com quem estou)",Observar e curtir o rolê,Se sentir um homem,"Xampu, condicionador e sabonete quaisquer",Não,"Pasta de dente, Creme de barbear, Protetor solar só quando vai à praia",Usar produtos de beleza variados,Não,Não,Não faço a barba,Não faço a barba,Não faço a barba,Não faço a barba,Eu mesmo,Mercado,A,Não me incomodo,Sim,Não,YouTube,Canal xadrez brasil
5/6/2021 9:42:41,18,Cis,Bissexual,E,Vingadores,Marília Mendonça,"Quase sempre, mas depende da situação (com quem estou)",Observar e curtir o rolê,"Se sentir um homem, Respeito",Xampu e sabonete específicos,Sim,"Pasta de dente, Creme de barbear, Protetor solar só quando vai à praia, Cremes hidratantes","Cuidado com a pele, Cuidado com a barba, Cuidado com o cabelo",Sim,Sim,Prefiro minha aparência com barba,Entre 5-10 minutos,1 vez a cada 15 dias,Mais uma tarefa corriqueira qualquer,Pai,Farmácia,C,Não me incomodo,Sim,Não,Twitter,Não
5/7/2021 13:03:57,23,Cis,Hétero,D,Corra,Racionais MC's,"Quase sempre, mas depende da situação (com quem estou)",Observar e curtir o rolê,"Empatia, Se sentir um homem, Força física, Barba, Capacidade de reproduzir, Coragem, Atitude e iniciativa, Respeito","Xampu, condicionador e sabonete específicos",Sim,"Pasta de dente, Protetor solar só quando vai à praia, Cremes hidratantes","Cuidado com a pele, Cuidado com a barba, Cuidado com o cabelo, Preocupação com estar cheiroso, Tomar banho",Não,Sim,Prefiro minha aparência com barba,Entre 5-10 minutos,1 vez por semana,"Um momento que requer atenção, Um momento de prazer, Um momento de auto-cuidado, Mais uma tarefa corriqueira qualquer, Uma obrigação",Eu mesmo,Farmácia,E,"Não me incomodo, mas acho estranho",Sim,Não,Twitter,Will Smith